<?xml version="1.0" encoding="UTF-8"?>
<!DOCTYPE suite SYSTEM "http://testng.org/testng-1.0.dtd">
<suite name="InternetBanking">
<test name="BankingApp1 Test">
<parameter name= "browser" value = "chrome"/>
<classes>
<class name="com.intBanking.TestCases.TC_LoginTest_001" />
<class name="com.intBanking.TestCases.TC_AddCustomer_002" />

</classes>
</test>

<test name="BankingApp2 Test">
<parameter name= "browser" value = "edge"/>
<classes>
<class name="com.intBanking.TestCases.TC_LoginTest_001" />
</classes>
</test>

<test name="BankingApp3 Test">
<parameter name= "browser" value = "firefox"/>
<classes>
<class name="com.intBanking.TestCases.TC_LoginTest_001" />
</classes>
</test>
</suite>